[{
  "_id": {
    "$oid": "138146774131369485260000"
  },
  "category_id": "0-0",
  "main_cate": "ใช้ในการผลิตกรอบบล็อก",
  "sub_cate": "กาวถ่ายบล็อก"
},
{
  "_id": {
    "$oid": "897587264349452162000000"
  },
  "category_id": "0-1",
  "main_cate": "ใช้ในการผลิตกรอบบล็อก",
  "sub_cate": "กาวทากรอบ"
},
{
  "_id": {
    "$oid": "171173959733410587600000"
  },
  "category_id": "0-2",
  "main_cate": "ใช้ในการผลิตกรอบบล็อก",
  "sub_cate": "หมึก"
},
{
  "_id": {
    "$oid": "107256377281025783760000"
  },
  "category_id": "0-3",
  "main_cate": "ใช้ในการผลิตกรอบบล็อก",
  "sub_cate": "กาวพิมพ์ทรานเฟอร์"
},
{
  "_id": {
    "$oid": "792244206896280765700000"
  },
  "category_id": "0-4",
  "main_cate": "ใช้ในการผลิตกรอบบล็อก",
  "sub_cate": "หมึกพิมพ์เชื้อน้ำมัน"
},
{
  "_id": {
    "$oid": "374216503376580549500000"
  },
  "category_id": "1-0",
  "main_cate": "ยางปาด, ด้ามจับ",
  "sub_cate": "ยางปาด"
},
{
  "_id": {
    "$oid": "605235383150171486900000"
  },
  "category_id": "1-1",
  "main_cate": "ยางปาด, ด้ามจับ",
  "sub_cate": "ด้ามจับ"
},
{
  "_id": {
    "$oid": "164110602421267872210000"
  },
  "category_id": "2-0",
  "main_cate": "ผ้าสกรีน, กาวอัด, กรอบ, เส้นอลูมิเนียม",
  "sub_cate": "ผ้าสกรีน"
},
{
  "_id": {
    "$oid": "183195043540944599870000"
  },
  "category_id": "2-1",
  "main_cate": "ผ้าสกรีน, กาวอัด, กรอบ, เส้นอลูมิเนียม",
  "sub_cate": "กาวถ่ายบล็อก"
},
{
  "_id": {
    "$oid": "418693975208724376600000"
  },
  "category_id": "2-2",
  "main_cate": "ผ้าสกรีน, กาวอัด, กรอบ, เส้นอลูมิเนียม",
  "sub_cate": "กาวทากรอบ"
},
{
  "_id": {
    "$oid": "171178667951484377050000"
  },
  "category_id": "2-3",
  "main_cate": "ผ้าสกรีน, กาวอัด, กรอบ, เส้นอลูมิเนียม",
  "sub_cate": "กรอบสกรีน"
},
{
  "_id": {
    "$oid": "121873603890373643820000"
  },
  "category_id": "2-4",
  "main_cate": "ผ้าสกรีน, กาวอัด, กรอบ, เส้นอลูมิเนียม",
  "sub_cate": "เส้นอลูมิเนียม"
},
{
  "_id": {
    "$oid": "128355738840592721600000"
  },
  "category_id": "3-0",
  "main_cate": "หมึกพิมพ์ผ้า, กากเพชร",
  "sub_cate": "กากเพชร"
},
{
  "_id": {
    "$oid": "186013229559116860300000"
  },
  "category_id": "3-1",
  "main_cate": "หมึกพิมพ์ผ้า, กากเพชร",
  "sub_cate": "แม่สีเชื้อน้ำ"
},
{
  "_id": {
    "$oid": "165637604110883894760000"
  },
  "category_id": "3-2",
  "main_cate": "หมึกพิมพ์ผ้า, กากเพชร",
  "sub_cate": "สียาง"
},
{
  "_id": {
    "$oid": "100053737818399683650000"
  },
  "category_id": "3-3",
  "main_cate": "หมึกพิมพ์ผ้า, กากเพชร",
  "sub_cate": "สีพลาสติซอล"
},
{
  "_id": {
    "$oid": "742112992748569411100000"
  },
  "category_id": "4-0",
  "main_cate": "อุปกรณ์สกรีน, วัสดุงานสกรีน",
  "sub_cate": "ฟิล์มทำบล็อกสกรีน"
},
{
  "_id": {
    "$oid": "119812901478167372460000"
  },
  "category_id": "4-1",
  "main_cate": "อุปกรณ์สกรีน, วัสดุงานสกรีน",
  "sub_cate": "หมึกพิมพ์ DTG"
},
{
  "_id": {
    "$oid": "154671143374235242900000"
  },
  "category_id": "4-2",
  "main_cate": "อุปกรณ์สกรีน, วัสดุงานสกรีน",
  "sub_cate": "วัสดุสำหรับพิมพ์"
},
{
  "_id": {
    "$oid": "520396496655141743900000"
  },
  "category_id": "4-3",
  "main_cate": "อุปกรณ์สกรีน, วัสดุงานสกรีน",
  "sub_cate": "อุปกรณ์สกรีน"
},
{
  "_id": {
    "$oid": "851426523846884923900000"
  },
  "category_id": "4-4",
  "main_cate": "อุปกรณ์สกรีน, วัสดุงานสกรีน",
  "sub_cate": "วัสดุงานสกรีน"
},
{
  "_id": {
    "$oid": "373705556571504639700000"
  },
  "category_id": "4-5",
  "main_cate": "อุปกรณ์สกรีน, วัสดุงานสกรีน",
  "sub_cate": "เครื่องสกรีน"
},
{
  "_id": {
    "$oid": "179936719159093449020000"
  },
  "category_id": "4-6",
  "main_cate": "อุปกรณ์สกรีน, วัสดุงานสกรีน",
  "sub_cate": "เครื่องจักรอื่นๆ"
},
{
  "_id": {
    "$oid": "170866441469420437340000"
  },
  "category_id": "5-0",
  "main_cate": "เครื่องจักร",
  "sub_cate": "เครื่อง Heat Transfer"
},
{
  "_id": {
    "$oid": "173172718237599081350000"
  },
  "category_id": "5-1",
  "main_cate": "เครื่องจักร",
  "sub_cate": "เครื่องจักรอื่นๆ"
},
{
  "_id": {
    "$oid": "815210805807849474300000"
  },
  "category_id": "5-2",
  "main_cate": "เครื่องจักร",
  "sub_cate": "เครื่องปริ้นท์ Inkjet"
},
{
  "_id": {
    "$oid": "147235004744257408620000"
  },
  "category_id": "5-3",
  "main_cate": "เครื่องจักร",
  "sub_cate": "เครื่องปริ้นท์ DTG"
},
{
  "_id": {
    "$oid": "418638120211654851700000"
  },
  "category_id": "5-4",
  "main_cate": "เครื่องจักร",
  "sub_cate": "เครื่องสกรีน"
},
{
  "_id": {
    "$oid": "732029804213305768200000"
  },
  "category_id": "6-0",
  "main_cate": "Accessorry และ อะไหล่",
  "sub_cate": "Accessorry และ อะไหล่"
},
{
  "_id": {
    "$oid": "313186753160103172000000"
  },
  "category_id": "6-1",
  "main_cate": "Accessorry และ อะไหล่",
  "sub_cate": "หมึก"
},
{
  "_id": {
    "$oid": "633934417289094243900000"
  },
  "category_id": "6-2",
  "main_cate": "Accessorry และ อะไหล่",
  "sub_cate": "กาวพิมพ์ทรานเฟอร์"
},
{
  "_id": {
    "$oid": "134351431864556282970000"
  },
  "category_id": "6-3",
  "main_cate": "Accessorry และ อะไหล่",
  "sub_cate": "โปรแกรม"
},
{
  "_id": {
    "$oid": "595488361016347421700000"
  },
  "category_id": "7-0",
  "main_cate": "กำมะหยี่, ฟรอย, Flocking glue",
  "sub_cate": "กำมะหยี่"
},
{
  "_id": {
    "$oid": "106694642104415937050000"
  },
  "category_id": "7-1",
  "main_cate": "กำมะหยี่, ฟรอย, Flocking glue",
  "sub_cate": "ฟรอย"
},
{
  "_id": {
    "$oid": "105620000094381706940000"
  },
  "category_id": "7-2",
  "main_cate": "กำมะหยี่, ฟรอย, Flocking glue",
  "sub_cate": "Flocking glue"
},
{
  "_id": {
    "$oid": "152475598589953416010000"
  },
  "category_id": "8-0",
  "main_cate": "ทรานเฟอร์",
  "sub_cate": "PET"
},
{
  "_id": {
    "$oid": "173138765407976243760000"
  },
  "category_id": "8-1",
  "main_cate": "ทรานเฟอร์",
  "sub_cate": "ทรานเฟอร์"
},
{
  "_id": {
    "$oid": "395011075227748631900000"
  },
  "category_id": "8-2",
  "main_cate": "ทรานเฟอร์",
  "sub_cate": "หมึก"
},
{
  "_id": {
    "$oid": "132621225050395503290000"
  },
  "category_id": "8-3",
  "main_cate": "ทรานเฟอร์",
  "sub_cate": "กาวพิมพ์ทรานเฟอร์"
},
{
  "_id": {
    "$oid": "439796545933185874300000"
  },
  "category_id": "9-0",
  "main_cate": "หมึกพิมพ์เชื้อน้ำมัน",
  "sub_cate": "หมึกพิมพ์เชื้อน้ำมัน"
},
{
  "_id": {
    "$oid": "140800274769383890650000"
  },
  "category_id": "10-0",
  "main_cate": "หมึกพิมพ์ DTG, วัสดุสำหรับพิมพ์",
  "sub_cate": "หมึกพิมพ์ DTG"
},
{
  "_id": {
    "$oid": "162935383729294216020000"
  },
  "category_id": "10-1",
  "main_cate": "หมึกพิมพ์ DTG, วัสดุสำหรับพิมพ์",
  "sub_cate": "วัสดุสำหรับพิมพ์"
},
{
  "_id": {
    "$oid": "182259220652505508550000"
  },
  "category_id": "11-0",
  "main_cate": "ซับบลิเมชั่น",
  "sub_cate": "กระดาษ"
},
{
  "_id": {
    "$oid": "175919165719020878360000"
  },
  "category_id": "11-1",
  "main_cate": "ซับบลิเมชั่น",
  "sub_cate": "ซับบลิเมชั่น"
},
{
  "_id": {
    "$oid": "132207912436279342020000"
  },
  "category_id": "11-2",
  "main_cate": "ซับบลิเมชั่น",
  "sub_cate": "หมึก"
},
{
  "_id": {
    "$oid": "722507897079197561800000"
  },
  "category_id": "13-0",
  "main_cate": "HEBBECKER",
  "sub_cate": "HEBBECKER"
},
{
  "_id": {
    "$oid": "687835225413434276000000"
  },
  "category_id": "13-1",
  "main_cate": "HEBBECKER",
  "sub_cate": "ยางปาด"
},
{
  "_id": {
    "$oid": "163512058880850534540000"
  },
  "category_id": "13-2",
  "main_cate": "HEBBECKER",
  "sub_cate": "ด้ามจับ"
},
{
  "_id": {
    "$oid": "117887629136042006800000"
  },
  "category_id": "15-0",
  "main_cate": "FLEX TRANSFER",
  "sub_cate": "FLEX TRANSFER"
},
{
  "_id": {
    "$oid": "364685456525928505900000"
  },
  "category_id": "16-0",
  "main_cate": "งานพิมพ์สำเร็จรูป",
  "sub_cate": "งานพิมพ์สำเร็จรูป"
},
{
  "_id": {
    "$oid": "115072409842904619020000"
  },
  "category_id": "16-1",
  "main_cate": "งานพิมพ์สำเร็จรูป",
  "sub_cate": "โลโก้"
}]