[{
  "_id": {
    "$oid": "67ed0b2e94383c66734a1a28"
  },
  "sellers_id": "0",
  "name": "ทักษิณ วงศ์ไพบูลย์",
  "channels": "Other",
  "total_sales": 28000,
  "timestamp": {
    "$date": "2025-04-02T10:02:20.052Z"
  }
},
{
  "_id": {
    "$oid": "67ed0b2e94383c66734a1a29"
  },
  "sellers_id": "1",
  "name": "อนงค์ ศรีทอง",
  "channels": "Office",
  "total_sales": 4481369.24,
  "timestamp": {
    "$date": "2025-04-02T10:02:20.052Z"
  }
},
{
  "_id": {
    "$oid": "67ed0b2e94383c66734a1a2a"
  },
  "sellers_id": "2",
  "name": "วัฒนา กิตติชัย",
  "channels": "Office",
  "total_sales": 6864425,
  "timestamp": {
    "$date": "2025-04-02T10:02:20.052Z"
  }
},
{
  "_id": {
    "$oid": "67ed0b2e94383c66734a1a2b"
  },
  "sellers_id": "3",
  "name": "รัตน์ พิพัฒน์",
  "channels": "Office",
  "total_sales": 80842497.44,
  "timestamp": {
    "$date": "2025-04-02T10:02:20.052Z"
  }
},
{
  "_id": {
    "$oid": "67ed0b2e94383c66734a1a2c"
  },
  "sellers_id": "4",
  "name": "สุพรรณ รุ่งโรจน์",
  "channels": "Office",
  "total_sales": 16033556.47,
  "timestamp": {
    "$date": "2025-04-02T10:02:20.052Z"
  }
},
{
  "_id": {
    "$oid": "67ed0b2e94383c66734a1a2d"
  },
  "sellers_id": "5",
  "name": "จิตรา ธนาวุฒิ",
  "channels": "Office",
  "total_sales": 2355124.4,
  "timestamp": {
    "$date": "2025-04-02T10:02:20.052Z"
  }
},
{
  "_id": {
    "$oid": "67ed0b2e94383c66734a1a2e"
  },
  "sellers_id": "6",
  "name": "กานดา ชัยศรี",
  "channels": "Office",
  "total_sales": 19295751.76,
  "timestamp": {
    "$date": "2025-04-02T10:02:20.052Z"
  }
},
{
  "_id": {
    "$oid": "67ed0b2e94383c66734a1a2f"
  },
  "sellers_id": "7",
  "name": "ธีรพงศ์ วงศ์เกียรติ",
  "channels": "Office",
  "total_sales": 7845836.76,
  "timestamp": {
    "$date": "2025-04-02T10:02:20.052Z"
  }
},
{
  "_id": {
    "$oid": "67ed0b2e94383c66734a1a30"
  },
  "sellers_id": "8",
  "name": "สารวัตร พิทักษ์ชน",
  "channels": "Dealer",
  "total_sales": 36956761.94,
  "timestamp": {
    "$date": "2025-04-02T10:02:20.052Z"
  }
},
{
  "_id": {
    "$oid": "67ed0b2e94383c66734a1a31"
  },
  "sellers_id": "9",
  "name": "Lazada",
  "channels": "eCommerce",
  "total_sales": 790223,
  "timestamp": {
    "$date": "2025-04-02T10:02:20.052Z"
  }
},
{
  "_id": {
    "$oid": "67ed0b2e94383c66734a1a32"
  },
  "sellers_id": "10",
  "name": "Shopee",
  "channels": "eCommerce",
  "total_sales": 7985,
  "timestamp": {
    "$date": "2025-04-02T10:02:20.052Z"
  }
},
{
  "_id": {
    "$oid": "67ed0b2e94383c66734a1a33"
  },
  "sellers_id": "11",
  "name": "AliExpress",
  "channels": "eCommerce",
  "total_sales": 681312,
  "timestamp": {
    "$date": "2025-04-02T10:02:20.052Z"
  }
},
{
  "_id": {
    "$oid": "67ed0b2e94383c66734a1a34"
  },
  "sellers_id": "12",
  "name": "Etsy",
  "channels": "eCommerce",
  "total_sales": 15297366.79,
  "timestamp": {
    "$date": "2025-04-02T10:02:20.052Z"
  }
},
{
  "_id": {
    "$oid": "67ed0b2e94383c66734a1a35"
  },
  "sellers_id": "13",
  "name": "Rakuten",
  "channels": "eCommerce",
  "total_sales": 17409649,
  "timestamp": {
    "$date": "2025-04-02T10:02:20.052Z"
  }
},
{
  "_id": {
    "$oid": "67ed0b2e94383c66734a1a36"
  },
  "sellers_id": "14",
  "name": "Amazon",
  "channels": "eCommerce",
  "total_sales": 2168944,
  "timestamp": {
    "$date": "2025-04-02T10:02:20.052Z"
  }
},
{
  "_id": {
    "$oid": "67ed0b2e94383c66734a1a37"
  },
  "sellers_id": "15",
  "name": "รัตน์ พิพัฒน์",
  "channels": "Office",
  "total_sales": 1842929,
  "timestamp": {
    "$date": "2025-04-02T10:02:20.052Z"
  }
},
{
  "_id": {
    "$oid": "67ed0b2e94383c66734a1a38"
  },
  "sellers_id": "16",
  "name": "ศิริพร ชัยวัฒน์",
  "channels": "Sales",
  "total_sales": 55540562.4,
  "timestamp": {
    "$date": "2025-04-02T10:02:20.052Z"
  }
},
{
  "_id": {
    "$oid": "67ed0b2e94383c66734a1a39"
  },
  "sellers_id": "17",
  "name": "จิตรา ธนาวุฒิ",
  "channels": "Office",
  "total_sales": 575476.64,
  "timestamp": {
    "$date": "2025-04-02T10:02:20.052Z"
  }
},
{
  "_id": {
    "$oid": "67ed0b2e94383c66734a1a3a"
  },
  "sellers_id": "18",
  "name": "James Miller",
  "channels": "Sales",
  "total_sales": 4149760.8,
  "timestamp": {
    "$date": "2025-04-02T10:02:20.052Z"
  }
},
{
  "_id": {
    "$oid": "67ed0b2e94383c66734a1a3b"
  },
  "sellers_id": "19",
  "name": "Michael Taylor",
  "channels": "Sales",
  "total_sales": 80706270.96,
  "timestamp": {
    "$date": "2025-04-02T10:02:20.052Z"
  }
},
{
  "_id": {
    "$oid": "67ed0b2e94383c66734a1a3c"
  },
  "sellers_id": "20",
  "name": "วิชัย มงคลชัย",
  "channels": "Sales",
  "total_sales": 17217413.2,
  "timestamp": {
    "$date": "2025-04-02T10:02:20.052Z"
  }
},
{
  "_id": {
    "$oid": "67ed0b2e94383c66734a1a3d"
  },
  "sellers_id": "21",
  "name": "ศิริพร ชัยวัฒน์",
  "channels": "Sales",
  "total_sales": 637452.55,
  "timestamp": {
    "$date": "2025-04-02T10:02:20.052Z"
  }
},
{
  "_id": {
    "$oid": "67ed0b2e94383c66734a1a3e"
  },
  "sellers_id": "22",
  "name": "Oliver Johnson",
  "channels": "Office",
  "total_sales": 4747076.2,
  "timestamp": {
    "$date": "2025-04-02T10:02:20.052Z"
  }
},
{
  "_id": {
    "$oid": "67ed0b2e94383c66734a1a3f"
  },
  "sellers_id": "23",
  "name": "Sophia Davis",
  "channels": "Office",
  "total_sales": 2682974.34,
  "timestamp": {
    "$date": "2025-04-02T10:02:20.052Z"
  }
},
{
  "_id": {
    "$oid": "67ed0b2e94383c66734a1a40"
  },
  "sellers_id": "24",
  "name": "สมชาย วัฒนากุล",
  "channels": "Office",
  "total_sales": 1750588.5,
  "timestamp": {
    "$date": "2025-04-02T10:02:20.052Z"
  }
},
{
  "_id": {
    "$oid": "67ed0b2e94383c66734a1a41"
  },
  "sellers_id": "25",
  "name": "AliExpress",
  "channels": "eCommerce",
  "total_sales": 3531,
  "timestamp": {
    "$date": "2025-04-02T10:02:20.052Z"
  }
},
{
  "_id": {
    "$oid": "67ed0b8ff648e35986b573c9"
  },
  "sellers_id": "0",
  "name": "ทักษิณ วงศ์ไพบูลย์",
  "channels": "Other",
  "total_sales": 28000,
  "timestamp": {
    "$date": "2025-04-02T10:03:57.528Z"
  }
},
{
  "_id": {
    "$oid": "67ed0b8ff648e35986b573ca"
  },
  "sellers_id": "1",
  "name": "อนงค์ ศรีทอง",
  "channels": "Office",
  "total_sales": 4481369.24,
  "timestamp": {
    "$date": "2025-04-02T10:03:57.528Z"
  }
},
{
  "_id": {
    "$oid": "67ed0b8ff648e35986b573cb"
  },
  "sellers_id": "2",
  "name": "วัฒนา กิตติชัย",
  "channels": "Office",
  "total_sales": 6864425,
  "timestamp": {
    "$date": "2025-04-02T10:03:57.528Z"
  }
},
{
  "_id": {
    "$oid": "67ed0b8ff648e35986b573cc"
  },
  "sellers_id": "3",
  "name": "รัตน์ พิพัฒน์",
  "channels": "Office",
  "total_sales": 80842497.44,
  "timestamp": {
    "$date": "2025-04-02T10:03:57.528Z"
  }
},
{
  "_id": {
    "$oid": "67ed0b8ff648e35986b573cd"
  },
  "sellers_id": "4",
  "name": "สุพรรณ รุ่งโรจน์",
  "channels": "Office",
  "total_sales": 16033556.47,
  "timestamp": {
    "$date": "2025-04-02T10:03:57.528Z"
  }
},
{
  "_id": {
    "$oid": "67ed0b8ff648e35986b573ce"
  },
  "sellers_id": "5",
  "name": "จิตรา ธนาวุฒิ",
  "channels": "Office",
  "total_sales": 2355124.4,
  "timestamp": {
    "$date": "2025-04-02T10:03:57.528Z"
  }
},
{
  "_id": {
    "$oid": "67ed0b8ff648e35986b573cf"
  },
  "sellers_id": "6",
  "name": "กานดา ชัยศรี",
  "channels": "Office",
  "total_sales": 19295751.76,
  "timestamp": {
    "$date": "2025-04-02T10:03:57.528Z"
  }
},
{
  "_id": {
    "$oid": "67ed0b8ff648e35986b573d0"
  },
  "sellers_id": "7",
  "name": "ธีรพงศ์ วงศ์เกียรติ",
  "channels": "Office",
  "total_sales": 7845836.76,
  "timestamp": {
    "$date": "2025-04-02T10:03:57.528Z"
  }
},
{
  "_id": {
    "$oid": "67ed0b8ff648e35986b573d1"
  },
  "sellers_id": "8",
  "name": "สารวัตร พิทักษ์ชน",
  "channels": "Dealer",
  "total_sales": 36956761.94,
  "timestamp": {
    "$date": "2025-04-02T10:03:57.528Z"
  }
},
{
  "_id": {
    "$oid": "67ed0b8ff648e35986b573d2"
  },
  "sellers_id": "9",
  "name": "Lazada",
  "channels": "eCommerce",
  "total_sales": 790223,
  "timestamp": {
    "$date": "2025-04-02T10:03:57.528Z"
  }
},
{
  "_id": {
    "$oid": "67ed0b8ff648e35986b573d3"
  },
  "sellers_id": "10",
  "name": "Shopee",
  "channels": "eCommerce",
  "total_sales": 7985,
  "timestamp": {
    "$date": "2025-04-02T10:03:57.528Z"
  }
},
{
  "_id": {
    "$oid": "67ed0b8ff648e35986b573d4"
  },
  "sellers_id": "11",
  "name": "AliExpress",
  "channels": "eCommerce",
  "total_sales": 681312,
  "timestamp": {
    "$date": "2025-04-02T10:03:57.528Z"
  }
},
{
  "_id": {
    "$oid": "67ed0b8ff648e35986b573d5"
  },
  "sellers_id": "12",
  "name": "Etsy",
  "channels": "eCommerce",
  "total_sales": 15297366.79,
  "timestamp": {
    "$date": "2025-04-02T10:03:57.528Z"
  }
},
{
  "_id": {
    "$oid": "67ed0b8ff648e35986b573d6"
  },
  "sellers_id": "13",
  "name": "Rakuten",
  "channels": "eCommerce",
  "total_sales": 17409649,
  "timestamp": {
    "$date": "2025-04-02T10:03:57.528Z"
  }
},
{
  "_id": {
    "$oid": "67ed0b8ff648e35986b573d7"
  },
  "sellers_id": "14",
  "name": "Amazon",
  "channels": "eCommerce",
  "total_sales": 2168944,
  "timestamp": {
    "$date": "2025-04-02T10:03:57.528Z"
  }
},
{
  "_id": {
    "$oid": "67ed0b8ff648e35986b573d8"
  },
  "sellers_id": "15",
  "name": "รัตน์ พิพัฒน์",
  "channels": "Office",
  "total_sales": 1842929,
  "timestamp": {
    "$date": "2025-04-02T10:03:57.528Z"
  }
},
{
  "_id": {
    "$oid": "67ed0b8ff648e35986b573d9"
  },
  "sellers_id": "16",
  "name": "ศิริพร ชัยวัฒน์",
  "channels": "Sales",
  "total_sales": 55540562.4,
  "timestamp": {
    "$date": "2025-04-02T10:03:57.528Z"
  }
},
{
  "_id": {
    "$oid": "67ed0b8ff648e35986b573da"
  },
  "sellers_id": "17",
  "name": "จิตรา ธนาวุฒิ",
  "channels": "Office",
  "total_sales": 575476.64,
  "timestamp": {
    "$date": "2025-04-02T10:03:57.528Z"
  }
},
{
  "_id": {
    "$oid": "67ed0b8ff648e35986b573db"
  },
  "sellers_id": "18",
  "name": "James Miller",
  "channels": "Sales",
  "total_sales": 4149760.8,
  "timestamp": {
    "$date": "2025-04-02T10:03:57.528Z"
  }
},
{
  "_id": {
    "$oid": "67ed0b8ff648e35986b573dc"
  },
  "sellers_id": "19",
  "name": "Michael Taylor",
  "channels": "Sales",
  "total_sales": 80706270.96,
  "timestamp": {
    "$date": "2025-04-02T10:03:57.528Z"
  }
},
{
  "_id": {
    "$oid": "67ed0b8ff648e35986b573dd"
  },
  "sellers_id": "20",
  "name": "วิชัย มงคลชัย",
  "channels": "Sales",
  "total_sales": 17217413.2,
  "timestamp": {
    "$date": "2025-04-02T10:03:57.528Z"
  }
},
{
  "_id": {
    "$oid": "67ed0b8ff648e35986b573de"
  },
  "sellers_id": "21",
  "name": "ศิริพร ชัยวัฒน์",
  "channels": "Sales",
  "total_sales": 637452.55,
  "timestamp": {
    "$date": "2025-04-02T10:03:57.528Z"
  }
},
{
  "_id": {
    "$oid": "67ed0b8ff648e35986b573df"
  },
  "sellers_id": "22",
  "name": "Oliver Johnson",
  "channels": "Office",
  "total_sales": 4747076.2,
  "timestamp": {
    "$date": "2025-04-02T10:03:57.528Z"
  }
},
{
  "_id": {
    "$oid": "67ed0b8ff648e35986b573e0"
  },
  "sellers_id": "23",
  "name": "Sophia Davis",
  "channels": "Office",
  "total_sales": 2682974.34,
  "timestamp": {
    "$date": "2025-04-02T10:03:57.528Z"
  }
},
{
  "_id": {
    "$oid": "67ed0b8ff648e35986b573e1"
  },
  "sellers_id": "24",
  "name": "สมชาย วัฒนากุล",
  "channels": "Office",
  "total_sales": 1750588.5,
  "timestamp": {
    "$date": "2025-04-02T10:03:57.528Z"
  }
},
{
  "_id": {
    "$oid": "67ed0b8ff648e35986b573e2"
  },
  "sellers_id": "25",
  "name": "AliExpress",
  "channels": "eCommerce",
  "total_sales": 3531,
  "timestamp": {
    "$date": "2025-04-02T10:03:57.528Z"
  }
},
{
  "_id": {
    "$oid": "67ed0b9636213ab269c6fe09"
  },
  "sellers_id": "0",
  "name": "ทักษิณ วงศ์ไพบูลย์",
  "channels": "Other",
  "total_sales": 0,
  "timestamp": {
    "$date": "2025-04-02T10:04:04.646Z"
  }
},
{
  "_id": {
    "$oid": "67ed0b9636213ab269c6fe0a"
  },
  "sellers_id": "1",
  "name": "อนงค์ ศรีทอง",
  "channels": "Office",
  "total_sales": 0,
  "timestamp": {
    "$date": "2025-04-02T10:04:04.646Z"
  }
},
{
  "_id": {
    "$oid": "67ed0b9636213ab269c6fe0b"
  },
  "sellers_id": "2",
  "name": "วัฒนา กิตติชัย",
  "channels": "Office",
  "total_sales": 0,
  "timestamp": {
    "$date": "2025-04-02T10:04:04.646Z"
  }
},
{
  "_id": {
    "$oid": "67ed0b9636213ab269c6fe0c"
  },
  "sellers_id": "3",
  "name": "รัตน์ พิพัฒน์",
  "channels": "Office",
  "total_sales": 0,
  "timestamp": {
    "$date": "2025-04-02T10:04:04.646Z"
  }
},
{
  "_id": {
    "$oid": "67ed0b9636213ab269c6fe0d"
  },
  "sellers_id": "4",
  "name": "สุพรรณ รุ่งโรจน์",
  "channels": "Office",
  "total_sales": 0,
  "timestamp": {
    "$date": "2025-04-02T10:04:04.646Z"
  }
},
{
  "_id": {
    "$oid": "67ed0b9636213ab269c6fe0e"
  },
  "sellers_id": "5",
  "name": "จิตรา ธนาวุฒิ",
  "channels": "Office",
  "total_sales": 0,
  "timestamp": {
    "$date": "2025-04-02T10:04:04.646Z"
  }
},
{
  "_id": {
    "$oid": "67ed0b9636213ab269c6fe0f"
  },
  "sellers_id": "6",
  "name": "กานดา ชัยศรี",
  "channels": "Office",
  "total_sales": 0,
  "timestamp": {
    "$date": "2025-04-02T10:04:04.646Z"
  }
},
{
  "_id": {
    "$oid": "67ed0b9636213ab269c6fe10"
  },
  "sellers_id": "7",
  "name": "ธีรพงศ์ วงศ์เกียรติ",
  "channels": "Office",
  "total_sales": 0,
  "timestamp": {
    "$date": "2025-04-02T10:04:04.646Z"
  }
},
{
  "_id": {
    "$oid": "67ed0b9636213ab269c6fe11"
  },
  "sellers_id": "8",
  "name": "สารวัตร พิทักษ์ชน",
  "channels": "Dealer",
  "total_sales": 0,
  "timestamp": {
    "$date": "2025-04-02T10:04:04.646Z"
  }
},
{
  "_id": {
    "$oid": "67ed0b9636213ab269c6fe12"
  },
  "sellers_id": "9",
  "name": "Lazada",
  "channels": "eCommerce",
  "total_sales": 0,
  "timestamp": {
    "$date": "2025-04-02T10:04:04.646Z"
  }
},
{
  "_id": {
    "$oid": "67ed0b9636213ab269c6fe13"
  },
  "sellers_id": "10",
  "name": "Shopee",
  "channels": "eCommerce",
  "total_sales": 0,
  "timestamp": {
    "$date": "2025-04-02T10:04:04.646Z"
  }
},
{
  "_id": {
    "$oid": "67ed0b9636213ab269c6fe14"
  },
  "sellers_id": "11",
  "name": "AliExpress",
  "channels": "eCommerce",
  "total_sales": 0,
  "timestamp": {
    "$date": "2025-04-02T10:04:04.646Z"
  }
},
{
  "_id": {
    "$oid": "67ed0b9636213ab269c6fe15"
  },
  "sellers_id": "12",
  "name": "Etsy",
  "channels": "eCommerce",
  "total_sales": 0,
  "timestamp": {
    "$date": "2025-04-02T10:04:04.646Z"
  }
},
{
  "_id": {
    "$oid": "67ed0b9636213ab269c6fe16"
  },
  "sellers_id": "13",
  "name": "Rakuten",
  "channels": "eCommerce",
  "total_sales": 0,
  "timestamp": {
    "$date": "2025-04-02T10:04:04.646Z"
  }
},
{
  "_id": {
    "$oid": "67ed0b9636213ab269c6fe17"
  },
  "sellers_id": "14",
  "name": "Amazon",
  "channels": "eCommerce",
  "total_sales": 0,
  "timestamp": {
    "$date": "2025-04-02T10:04:04.646Z"
  }
},
{
  "_id": {
    "$oid": "67ed0b9636213ab269c6fe18"
  },
  "sellers_id": "15",
  "name": "รัตน์ พิพัฒน์",
  "channels": "Office",
  "total_sales": 0,
  "timestamp": {
    "$date": "2025-04-02T10:04:04.646Z"
  }
},
{
  "_id": {
    "$oid": "67ed0b9636213ab269c6fe19"
  },
  "sellers_id": "16",
  "name": "ศิริพร ชัยวัฒน์",
  "channels": "Sales",
  "total_sales": 0,
  "timestamp": {
    "$date": "2025-04-02T10:04:04.646Z"
  }
},
{
  "_id": {
    "$oid": "67ed0b9636213ab269c6fe1a"
  },
  "sellers_id": "17",
  "name": "จิตรา ธนาวุฒิ",
  "channels": "Office",
  "total_sales": 0,
  "timestamp": {
    "$date": "2025-04-02T10:04:04.646Z"
  }
},
{
  "_id": {
    "$oid": "67ed0b9636213ab269c6fe1b"
  },
  "sellers_id": "18",
  "name": "James Miller",
  "channels": "Sales",
  "total_sales": 0,
  "timestamp": {
    "$date": "2025-04-02T10:04:04.646Z"
  }
},
{
  "_id": {
    "$oid": "67ed0b9636213ab269c6fe1c"
  },
  "sellers_id": "19",
  "name": "Michael Taylor",
  "channels": "Sales",
  "total_sales": 0,
  "timestamp": {
    "$date": "2025-04-02T10:04:04.646Z"
  }
},
{
  "_id": {
    "$oid": "67ed0b9636213ab269c6fe1d"
  },
  "sellers_id": "20",
  "name": "วิชัย มงคลชัย",
  "channels": "Sales",
  "total_sales": 0,
  "timestamp": {
    "$date": "2025-04-02T10:04:04.646Z"
  }
},
{
  "_id": {
    "$oid": "67ed0b9636213ab269c6fe1e"
  },
  "sellers_id": "21",
  "name": "ศิริพร ชัยวัฒน์",
  "channels": "Sales",
  "total_sales": 0,
  "timestamp": {
    "$date": "2025-04-02T10:04:04.646Z"
  }
},
{
  "_id": {
    "$oid": "67ed0b9636213ab269c6fe1f"
  },
  "sellers_id": "22",
  "name": "Oliver Johnson",
  "channels": "Office",
  "total_sales": 0,
  "timestamp": {
    "$date": "2025-04-02T10:04:04.646Z"
  }
},
{
  "_id": {
    "$oid": "67ed0b9636213ab269c6fe20"
  },
  "sellers_id": "23",
  "name": "Sophia Davis",
  "channels": "Office",
  "total_sales": 0,
  "timestamp": {
    "$date": "2025-04-02T10:04:04.646Z"
  }
},
{
  "_id": {
    "$oid": "67ed0b9636213ab269c6fe21"
  },
  "sellers_id": "24",
  "name": "สมชาย วัฒนากุล",
  "channels": "Office",
  "total_sales": 0,
  "timestamp": {
    "$date": "2025-04-02T10:04:04.646Z"
  }
},
{
  "_id": {
    "$oid": "67ed0b9636213ab269c6fe22"
  },
  "sellers_id": "25",
  "name": "AliExpress",
  "channels": "eCommerce",
  "total_sales": 0,
  "timestamp": {
    "$date": "2025-04-02T10:04:04.646Z"
  }
},
{
  "_id": {
    "$oid": "67ed0bb97bcc830160d3a12e"
  },
  "sellers_id": "0",
  "name": "ทักษิณ วงศ์ไพบูลย์",
  "channels": "Other",
  "total_sales": 28000,
  "timestamp": {
    "$date": "2025-04-02T10:04:38.895Z"
  }
},
{
  "_id": {
    "$oid": "67ed0bb97bcc830160d3a12f"
  },
  "sellers_id": "1",
  "name": "อนงค์ ศรีทอง",
  "channels": "Office",
  "total_sales": 4481369.24,
  "timestamp": {
    "$date": "2025-04-02T10:04:38.895Z"
  }
},
{
  "_id": {
    "$oid": "67ed0bb97bcc830160d3a130"
  },
  "sellers_id": "2",
  "name": "วัฒนา กิตติชัย",
  "channels": "Office",
  "total_sales": 6864425,
  "timestamp": {
    "$date": "2025-04-02T10:04:38.895Z"
  }
},
{
  "_id": {
    "$oid": "67ed0bb97bcc830160d3a131"
  },
  "sellers_id": "3",
  "name": "รัตน์ พิพัฒน์",
  "channels": "Office",
  "total_sales": 80842497.44,
  "timestamp": {
    "$date": "2025-04-02T10:04:38.895Z"
  }
},
{
  "_id": {
    "$oid": "67ed0bb97bcc830160d3a132"
  },
  "sellers_id": "4",
  "name": "สุพรรณ รุ่งโรจน์",
  "channels": "Office",
  "total_sales": 16033556.47,
  "timestamp": {
    "$date": "2025-04-02T10:04:38.895Z"
  }
},
{
  "_id": {
    "$oid": "67ed0bb97bcc830160d3a133"
  },
  "sellers_id": "5",
  "name": "จิตรา ธนาวุฒิ",
  "channels": "Office",
  "total_sales": 2355124.4,
  "timestamp": {
    "$date": "2025-04-02T10:04:38.895Z"
  }
},
{
  "_id": {
    "$oid": "67ed0bb97bcc830160d3a134"
  },
  "sellers_id": "6",
  "name": "กานดา ชัยศรี",
  "channels": "Office",
  "total_sales": 19295751.76,
  "timestamp": {
    "$date": "2025-04-02T10:04:38.895Z"
  }
},
{
  "_id": {
    "$oid": "67ed0bb97bcc830160d3a135"
  },
  "sellers_id": "7",
  "name": "ธีรพงศ์ วงศ์เกียรติ",
  "channels": "Office",
  "total_sales": 7845836.76,
  "timestamp": {
    "$date": "2025-04-02T10:04:38.895Z"
  }
},
{
  "_id": {
    "$oid": "67ed0bb97bcc830160d3a136"
  },
  "sellers_id": "8",
  "name": "สารวัตร พิทักษ์ชน",
  "channels": "Dealer",
  "total_sales": 36956761.94,
  "timestamp": {
    "$date": "2025-04-02T10:04:38.895Z"
  }
},
{
  "_id": {
    "$oid": "67ed0bb97bcc830160d3a137"
  },
  "sellers_id": "9",
  "name": "Lazada",
  "channels": "eCommerce",
  "total_sales": 790223,
  "timestamp": {
    "$date": "2025-04-02T10:04:38.895Z"
  }
},
{
  "_id": {
    "$oid": "67ed0bb97bcc830160d3a138"
  },
  "sellers_id": "10",
  "name": "Shopee",
  "channels": "eCommerce",
  "total_sales": 7985,
  "timestamp": {
    "$date": "2025-04-02T10:04:38.895Z"
  }
},
{
  "_id": {
    "$oid": "67ed0bb97bcc830160d3a139"
  },
  "sellers_id": "11",
  "name": "AliExpress",
  "channels": "eCommerce",
  "total_sales": 681312,
  "timestamp": {
    "$date": "2025-04-02T10:04:38.895Z"
  }
},
{
  "_id": {
    "$oid": "67ed0bb97bcc830160d3a13a"
  },
  "sellers_id": "12",
  "name": "Etsy",
  "channels": "eCommerce",
  "total_sales": 15297366.79,
  "timestamp": {
    "$date": "2025-04-02T10:04:38.895Z"
  }
},
{
  "_id": {
    "$oid": "67ed0bb97bcc830160d3a13b"
  },
  "sellers_id": "13",
  "name": "Rakuten",
  "channels": "eCommerce",
  "total_sales": 17409649,
  "timestamp": {
    "$date": "2025-04-02T10:04:38.895Z"
  }
},
{
  "_id": {
    "$oid": "67ed0bb97bcc830160d3a13c"
  },
  "sellers_id": "14",
  "name": "Amazon",
  "channels": "eCommerce",
  "total_sales": 2168944,
  "timestamp": {
    "$date": "2025-04-02T10:04:38.895Z"
  }
},
{
  "_id": {
    "$oid": "67ed0bb97bcc830160d3a13d"
  },
  "sellers_id": "15",
  "name": "รัตน์ พิพัฒน์",
  "channels": "Office",
  "total_sales": 1842929,
  "timestamp": {
    "$date": "2025-04-02T10:04:38.895Z"
  }
},
{
  "_id": {
    "$oid": "67ed0bb97bcc830160d3a13e"
  },
  "sellers_id": "16",
  "name": "ศิริพร ชัยวัฒน์",
  "channels": "Sales",
  "total_sales": 55540562.4,
  "timestamp": {
    "$date": "2025-04-02T10:04:38.895Z"
  }
},
{
  "_id": {
    "$oid": "67ed0bb97bcc830160d3a13f"
  },
  "sellers_id": "17",
  "name": "จิตรา ธนาวุฒิ",
  "channels": "Office",
  "total_sales": 575476.64,
  "timestamp": {
    "$date": "2025-04-02T10:04:38.895Z"
  }
},
{
  "_id": {
    "$oid": "67ed0bb97bcc830160d3a140"
  },
  "sellers_id": "18",
  "name": "James Miller",
  "channels": "Sales",
  "total_sales": 4149760.8,
  "timestamp": {
    "$date": "2025-04-02T10:04:38.895Z"
  }
},
{
  "_id": {
    "$oid": "67ed0bb97bcc830160d3a141"
  },
  "sellers_id": "19",
  "name": "Michael Taylor",
  "channels": "Sales",
  "total_sales": 80706270.96,
  "timestamp": {
    "$date": "2025-04-02T10:04:38.895Z"
  }
},
{
  "_id": {
    "$oid": "67ed0bb97bcc830160d3a142"
  },
  "sellers_id": "20",
  "name": "วิชัย มงคลชัย",
  "channels": "Sales",
  "total_sales": 17217413.2,
  "timestamp": {
    "$date": "2025-04-02T10:04:38.895Z"
  }
},
{
  "_id": {
    "$oid": "67ed0bb97bcc830160d3a143"
  },
  "sellers_id": "21",
  "name": "ศิริพร ชัยวัฒน์",
  "channels": "Sales",
  "total_sales": 637452.55,
  "timestamp": {
    "$date": "2025-04-02T10:04:38.895Z"
  }
},
{
  "_id": {
    "$oid": "67ed0bb97bcc830160d3a144"
  },
  "sellers_id": "22",
  "name": "Oliver Johnson",
  "channels": "Office",
  "total_sales": 4747076.2,
  "timestamp": {
    "$date": "2025-04-02T10:04:38.895Z"
  }
},
{
  "_id": {
    "$oid": "67ed0bb97bcc830160d3a145"
  },
  "sellers_id": "23",
  "name": "Sophia Davis",
  "channels": "Office",
  "total_sales": 2682974.34,
  "timestamp": {
    "$date": "2025-04-02T10:04:38.895Z"
  }
},
{
  "_id": {
    "$oid": "67ed0bb97bcc830160d3a146"
  },
  "sellers_id": "24",
  "name": "สมชาย วัฒนากุล",
  "channels": "Office",
  "total_sales": 1750588.5,
  "timestamp": {
    "$date": "2025-04-02T10:04:38.895Z"
  }
},
{
  "_id": {
    "$oid": "67ed0bb97bcc830160d3a147"
  },
  "sellers_id": "25",
  "name": "AliExpress",
  "channels": "eCommerce",
  "total_sales": 3531,
  "timestamp": {
    "$date": "2025-04-02T10:04:38.895Z"
  }
},
{
  "_id": {
    "$oid": "67ed0bcdc69b78818dc6f86a"
  },
  "sellers_id": "0",
  "name": "ทักษิณ วงศ์ไพบูลย์",
  "channels": "Other",
  "total_sales": 28000,
  "timestamp": {
    "$date": "2025-04-02T10:04:59.434Z"
  }
},
{
  "_id": {
    "$oid": "67ed0bcdc69b78818dc6f86b"
  },
  "sellers_id": "1",
  "name": "อนงค์ ศรีทอง",
  "channels": "Office",
  "total_sales": 4481369.24,
  "timestamp": {
    "$date": "2025-04-02T10:04:59.434Z"
  }
},
{
  "_id": {
    "$oid": "67ed0bcdc69b78818dc6f86c"
  },
  "sellers_id": "2",
  "name": "วัฒนา กิตติชัย",
  "channels": "Office",
  "total_sales": 6864425,
  "timestamp": {
    "$date": "2025-04-02T10:04:59.434Z"
  }
},
{
  "_id": {
    "$oid": "67ed0bcdc69b78818dc6f86d"
  },
  "sellers_id": "3",
  "name": "รัตน์ พิพัฒน์",
  "channels": "Office",
  "total_sales": 80842497.44,
  "timestamp": {
    "$date": "2025-04-02T10:04:59.434Z"
  }
},
{
  "_id": {
    "$oid": "67ed0bcdc69b78818dc6f86e"
  },
  "sellers_id": "4",
  "name": "สุพรรณ รุ่งโรจน์",
  "channels": "Office",
  "total_sales": 16033556.47,
  "timestamp": {
    "$date": "2025-04-02T10:04:59.434Z"
  }
},
{
  "_id": {
    "$oid": "67ed0bcdc69b78818dc6f86f"
  },
  "sellers_id": "5",
  "name": "จิตรา ธนาวุฒิ",
  "channels": "Office",
  "total_sales": 2355124.4,
  "timestamp": {
    "$date": "2025-04-02T10:04:59.434Z"
  }
},
{
  "_id": {
    "$oid": "67ed0bcdc69b78818dc6f870"
  },
  "sellers_id": "6",
  "name": "กานดา ชัยศรี",
  "channels": "Office",
  "total_sales": 19295751.76,
  "timestamp": {
    "$date": "2025-04-02T10:04:59.434Z"
  }
},
{
  "_id": {
    "$oid": "67ed0bcdc69b78818dc6f871"
  },
  "sellers_id": "7",
  "name": "ธีรพงศ์ วงศ์เกียรติ",
  "channels": "Office",
  "total_sales": 7845836.76,
  "timestamp": {
    "$date": "2025-04-02T10:04:59.434Z"
  }
},
{
  "_id": {
    "$oid": "67ed0bcdc69b78818dc6f872"
  },
  "sellers_id": "8",
  "name": "สารวัตร พิทักษ์ชน",
  "channels": "Dealer",
  "total_sales": 36956761.94,
  "timestamp": {
    "$date": "2025-04-02T10:04:59.434Z"
  }
},
{
  "_id": {
    "$oid": "67ed0bcdc69b78818dc6f873"
  },
  "sellers_id": "9",
  "name": "Lazada",
  "channels": "eCommerce",
  "total_sales": 790223,
  "timestamp": {
    "$date": "2025-04-02T10:04:59.434Z"
  }
},
{
  "_id": {
    "$oid": "67ed0bcdc69b78818dc6f874"
  },
  "sellers_id": "10",
  "name": "Shopee",
  "channels": "eCommerce",
  "total_sales": 7985,
  "timestamp": {
    "$date": "2025-04-02T10:04:59.434Z"
  }
},
{
  "_id": {
    "$oid": "67ed0bcdc69b78818dc6f875"
  },
  "sellers_id": "11",
  "name": "AliExpress",
  "channels": "eCommerce",
  "total_sales": 681312,
  "timestamp": {
    "$date": "2025-04-02T10:04:59.434Z"
  }
},
{
  "_id": {
    "$oid": "67ed0bcdc69b78818dc6f876"
  },
  "sellers_id": "12",
  "name": "Etsy",
  "channels": "eCommerce",
  "total_sales": 15297366.79,
  "timestamp": {
    "$date": "2025-04-02T10:04:59.434Z"
  }
},
{
  "_id": {
    "$oid": "67ed0bcdc69b78818dc6f877"
  },
  "sellers_id": "13",
  "name": "Rakuten",
  "channels": "eCommerce",
  "total_sales": 17409649,
  "timestamp": {
    "$date": "2025-04-02T10:04:59.434Z"
  }
},
{
  "_id": {
    "$oid": "67ed0bcdc69b78818dc6f878"
  },
  "sellers_id": "14",
  "name": "Amazon",
  "channels": "eCommerce",
  "total_sales": 2168944,
  "timestamp": {
    "$date": "2025-04-02T10:04:59.434Z"
  }
},
{
  "_id": {
    "$oid": "67ed0bcdc69b78818dc6f879"
  },
  "sellers_id": "15",
  "name": "รัตน์ พิพัฒน์",
  "channels": "Office",
  "total_sales": 1842929,
  "timestamp": {
    "$date": "2025-04-02T10:04:59.434Z"
  }
},
{
  "_id": {
    "$oid": "67ed0bcdc69b78818dc6f87a"
  },
  "sellers_id": "16",
  "name": "ศิริพร ชัยวัฒน์",
  "channels": "Sales",
  "total_sales": 55540562.4,
  "timestamp": {
    "$date": "2025-04-02T10:04:59.434Z"
  }
},
{
  "_id": {
    "$oid": "67ed0bcdc69b78818dc6f87b"
  },
  "sellers_id": "17",
  "name": "จิตรา ธนาวุฒิ",
  "channels": "Office",
  "total_sales": 575476.64,
  "timestamp": {
    "$date": "2025-04-02T10:04:59.434Z"
  }
},
{
  "_id": {
    "$oid": "67ed0bcdc69b78818dc6f87c"
  },
  "sellers_id": "18",
  "name": "James Miller",
  "channels": "Sales",
  "total_sales": 4149760.8,
  "timestamp": {
    "$date": "2025-04-02T10:04:59.434Z"
  }
},
{
  "_id": {
    "$oid": "67ed0bcdc69b78818dc6f87d"
  },
  "sellers_id": "19",
  "name": "Michael Taylor",
  "channels": "Sales",
  "total_sales": 80706270.96,
  "timestamp": {
    "$date": "2025-04-02T10:04:59.434Z"
  }
},
{
  "_id": {
    "$oid": "67ed0bcdc69b78818dc6f87e"
  },
  "sellers_id": "20",
  "name": "วิชัย มงคลชัย",
  "channels": "Sales",
  "total_sales": 17217413.2,
  "timestamp": {
    "$date": "2025-04-02T10:04:59.434Z"
  }
},
{
  "_id": {
    "$oid": "67ed0bcdc69b78818dc6f87f"
  },
  "sellers_id": "21",
  "name": "ศิริพร ชัยวัฒน์",
  "channels": "Sales",
  "total_sales": 637452.55,
  "timestamp": {
    "$date": "2025-04-02T10:04:59.434Z"
  }
},
{
  "_id": {
    "$oid": "67ed0bcdc69b78818dc6f880"
  },
  "sellers_id": "22",
  "name": "Oliver Johnson",
  "channels": "Office",
  "total_sales": 4747076.2,
  "timestamp": {
    "$date": "2025-04-02T10:04:59.434Z"
  }
},
{
  "_id": {
    "$oid": "67ed0bcdc69b78818dc6f881"
  },
  "sellers_id": "23",
  "name": "Sophia Davis",
  "channels": "Office",
  "total_sales": 2682974.34,
  "timestamp": {
    "$date": "2025-04-02T10:04:59.434Z"
  }
},
{
  "_id": {
    "$oid": "67ed0bcdc69b78818dc6f882"
  },
  "sellers_id": "24",
  "name": "สมชาย วัฒนากุล",
  "channels": "Office",
  "total_sales": 1750588.5,
  "timestamp": {
    "$date": "2025-04-02T10:04:59.434Z"
  }
},
{
  "_id": {
    "$oid": "67ed0bcdc69b78818dc6f883"
  },
  "sellers_id": "25",
  "name": "AliExpress",
  "channels": "eCommerce",
  "total_sales": 3531,
  "timestamp": {
    "$date": "2025-04-02T10:04:59.434Z"
  }
},
{
  "_id": {
    "$oid": "67ed0bf33b48e495cea48909"
  },
  "sellers_id": "0",
  "name": "ทักษิณ วงศ์ไพบูลย์",
  "channels": "Other",
  "total_sales": 28000,
  "timestamp": {
    "$date": "2025-04-02T10:00:35.578Z"
  }
},
{
  "_id": {
    "$oid": "67ed0bf33b48e495cea4890a"
  },
  "sellers_id": "1",
  "name": "อนงค์ ศรีทอง",
  "channels": "Office",
  "total_sales": 4481369.24,
  "timestamp": {
    "$date": "2025-04-02T10:00:35.578Z"
  }
},
{
  "_id": {
    "$oid": "67ed0bf33b48e495cea4890b"
  },
  "sellers_id": "2",
  "name": "วัฒนา กิตติชัย",
  "channels": "Office",
  "total_sales": 6864425,
  "timestamp": {
    "$date": "2025-04-02T10:00:35.578Z"
  }
},
{
  "_id": {
    "$oid": "67ed0bf33b48e495cea4890c"
  },
  "sellers_id": "3",
  "name": "รัตน์ พิพัฒน์",
  "channels": "Office",
  "total_sales": 80842497.44,
  "timestamp": {
    "$date": "2025-04-02T10:00:35.578Z"
  }
},
{
  "_id": {
    "$oid": "67ed0bf33b48e495cea4890d"
  },
  "sellers_id": "4",
  "name": "สุพรรณ รุ่งโรจน์",
  "channels": "Office",
  "total_sales": 16033556.47,
  "timestamp": {
    "$date": "2025-04-02T10:00:35.578Z"
  }
},
{
  "_id": {
    "$oid": "67ed0bf33b48e495cea4890e"
  },
  "sellers_id": "5",
  "name": "จิตรา ธนาวุฒิ",
  "channels": "Office",
  "total_sales": 2355124.4,
  "timestamp": {
    "$date": "2025-04-02T10:00:35.578Z"
  }
},
{
  "_id": {
    "$oid": "67ed0bf33b48e495cea4890f"
  },
  "sellers_id": "6",
  "name": "กานดา ชัยศรี",
  "channels": "Office",
  "total_sales": 19295751.76,
  "timestamp": {
    "$date": "2025-04-02T10:00:35.578Z"
  }
},
{
  "_id": {
    "$oid": "67ed0bf33b48e495cea48910"
  },
  "sellers_id": "7",
  "name": "ธีรพงศ์ วงศ์เกียรติ",
  "channels": "Office",
  "total_sales": 7845836.76,
  "timestamp": {
    "$date": "2025-04-02T10:00:35.578Z"
  }
},
{
  "_id": {
    "$oid": "67ed0bf33b48e495cea48911"
  },
  "sellers_id": "8",
  "name": "สารวัตร พิทักษ์ชน",
  "channels": "Dealer",
  "total_sales": 36956761.94,
  "timestamp": {
    "$date": "2025-04-02T10:00:35.578Z"
  }
},
{
  "_id": {
    "$oid": "67ed0bf33b48e495cea48912"
  },
  "sellers_id": "9",
  "name": "Lazada",
  "channels": "eCommerce",
  "total_sales": 790223,
  "timestamp": {
    "$date": "2025-04-02T10:00:35.578Z"
  }
},
{
  "_id": {
    "$oid": "67ed0bf33b48e495cea48913"
  },
  "sellers_id": "10",
  "name": "Shopee",
  "channels": "eCommerce",
  "total_sales": 7985,
  "timestamp": {
    "$date": "2025-04-02T10:00:35.578Z"
  }
},
{
  "_id": {
    "$oid": "67ed0bf33b48e495cea48914"
  },
  "sellers_id": "11",
  "name": "AliExpress",
  "channels": "eCommerce",
  "total_sales": 681312,
  "timestamp": {
    "$date": "2025-04-02T10:00:35.578Z"
  }
},
{
  "_id": {
    "$oid": "67ed0bf33b48e495cea48915"
  },
  "sellers_id": "12",
  "name": "Etsy",
  "channels": "eCommerce",
  "total_sales": 15297366.79,
  "timestamp": {
    "$date": "2025-04-02T10:00:35.578Z"
  }
},
{
  "_id": {
    "$oid": "67ed0bf33b48e495cea48916"
  },
  "sellers_id": "13",
  "name": "Rakuten",
  "channels": "eCommerce",
  "total_sales": 17409649,
  "timestamp": {
    "$date": "2025-04-02T10:00:35.578Z"
  }
},
{
  "_id": {
    "$oid": "67ed0bf33b48e495cea48917"
  },
  "sellers_id": "14",
  "name": "Amazon",
  "channels": "eCommerce",
  "total_sales": 2168944,
  "timestamp": {
    "$date": "2025-04-02T10:00:35.578Z"
  }
},
{
  "_id": {
    "$oid": "67ed0bf33b48e495cea48918"
  },
  "sellers_id": "15",
  "name": "รัตน์ พิพัฒน์",
  "channels": "Office",
  "total_sales": 1842929,
  "timestamp": {
    "$date": "2025-04-02T10:00:35.578Z"
  }
},
{
  "_id": {
    "$oid": "67ed0bf33b48e495cea48919"
  },
  "sellers_id": "16",
  "name": "ศิริพร ชัยวัฒน์",
  "channels": "Sales",
  "total_sales": 55540562.4,
  "timestamp": {
    "$date": "2025-04-02T10:00:35.578Z"
  }
},
{
  "_id": {
    "$oid": "67ed0bf33b48e495cea4891a"
  },
  "sellers_id": "17",
  "name": "จิตรา ธนาวุฒิ",
  "channels": "Office",
  "total_sales": 575476.64,
  "timestamp": {
    "$date": "2025-04-02T10:00:35.578Z"
  }
},
{
  "_id": {
    "$oid": "67ed0bf33b48e495cea4891b"
  },
  "sellers_id": "18",
  "name": "James Miller",
  "channels": "Sales",
  "total_sales": 4149760.8,
  "timestamp": {
    "$date": "2025-04-02T10:00:35.578Z"
  }
},
{
  "_id": {
    "$oid": "67ed0bf33b48e495cea4891c"
  },
  "sellers_id": "19",
  "name": "Michael Taylor",
  "channels": "Sales",
  "total_sales": 80706270.96,
  "timestamp": {
    "$date": "2025-04-02T10:00:35.578Z"
  }
},
{
  "_id": {
    "$oid": "67ed0bf33b48e495cea4891d"
  },
  "sellers_id": "20",
  "name": "วิชัย มงคลชัย",
  "channels": "Sales",
  "total_sales": 17217413.2,
  "timestamp": {
    "$date": "2025-04-02T10:00:35.578Z"
  }
},
{
  "_id": {
    "$oid": "67ed0bf33b48e495cea4891e"
  },
  "sellers_id": "21",
  "name": "ศิริพร ชัยวัฒน์",
  "channels": "Sales",
  "total_sales": 637452.55,
  "timestamp": {
    "$date": "2025-04-02T10:00:35.578Z"
  }
},
{
  "_id": {
    "$oid": "67ed0bf33b48e495cea4891f"
  },
  "sellers_id": "22",
  "name": "Oliver Johnson",
  "channels": "Office",
  "total_sales": 4747076.2,
  "timestamp": {
    "$date": "2025-04-02T10:00:35.578Z"
  }
},
{
  "_id": {
    "$oid": "67ed0bf33b48e495cea48920"
  },
  "sellers_id": "23",
  "name": "Sophia Davis",
  "channels": "Office",
  "total_sales": 2682974.34,
  "timestamp": {
    "$date": "2025-04-02T10:00:35.578Z"
  }
},
{
  "_id": {
    "$oid": "67ed0bf33b48e495cea48921"
  },
  "sellers_id": "24",
  "name": "สมชาย วัฒนากุล",
  "channels": "Office",
  "total_sales": 1750588.5,
  "timestamp": {
    "$date": "2025-04-02T10:00:35.578Z"
  }
},
{
  "_id": {
    "$oid": "67ed0bf33b48e495cea48922"
  },
  "sellers_id": "25",
  "name": "AliExpress",
  "channels": "eCommerce",
  "total_sales": 3531,
  "timestamp": {
    "$date": "2025-04-02T10:00:35.578Z"
  }
},
{
  "_id": {
    "$oid": "67ed0c6e40c358518b6ce61d"
  },
  "sellers_id": "0",
  "name": "ทักษิณ วงศ์ไพบูลย์",
  "channels": "Other",
  "total_sales": 0,
  "timestamp": {
    "$date": "2025-04-02T10:07:40.039Z"
  }
},
{
  "_id": {
    "$oid": "67ed0c6e40c358518b6ce61e"
  },
  "sellers_id": "1",
  "name": "อนงค์ ศรีทอง",
  "channels": "Office",
  "total_sales": 0,
  "timestamp": {
    "$date": "2025-04-02T10:07:40.039Z"
  }
},
{
  "_id": {
    "$oid": "67ed0c6e40c358518b6ce61f"
  },
  "sellers_id": "2",
  "name": "วัฒนา กิตติชัย",
  "channels": "Office",
  "total_sales": 0,
  "timestamp": {
    "$date": "2025-04-02T10:07:40.039Z"
  }
},
{
  "_id": {
    "$oid": "67ed0c6e40c358518b6ce620"
  },
  "sellers_id": "3",
  "name": "รัตน์ พิพัฒน์",
  "channels": "Office",
  "total_sales": 0,
  "timestamp": {
    "$date": "2025-04-02T10:07:40.039Z"
  }
},
{
  "_id": {
    "$oid": "67ed0c6e40c358518b6ce621"
  },
  "sellers_id": "4",
  "name": "สุพรรณ รุ่งโรจน์",
  "channels": "Office",
  "total_sales": 0,
  "timestamp": {
    "$date": "2025-04-02T10:07:40.039Z"
  }
},
{
  "_id": {
    "$oid": "67ed0c6e40c358518b6ce622"
  },
  "sellers_id": "5",
  "name": "จิตรา ธนาวุฒิ",
  "channels": "Office",
  "total_sales": 0,
  "timestamp": {
    "$date": "2025-04-02T10:07:40.039Z"
  }
},
{
  "_id": {
    "$oid": "67ed0c6e40c358518b6ce623"
  },
  "sellers_id": "6",
  "name": "กานดา ชัยศรี",
  "channels": "Office",
  "total_sales": 0,
  "timestamp": {
    "$date": "2025-04-02T10:07:40.039Z"
  }
},
{
  "_id": {
    "$oid": "67ed0c6e40c358518b6ce624"
  },
  "sellers_id": "7",
  "name": "ธีรพงศ์ วงศ์เกียรติ",
  "channels": "Office",
  "total_sales": 0,
  "timestamp": {
    "$date": "2025-04-02T10:07:40.039Z"
  }
},
{
  "_id": {
    "$oid": "67ed0c6e40c358518b6ce625"
  },
  "sellers_id": "8",
  "name": "สารวัตร พิทักษ์ชน",
  "channels": "Dealer",
  "total_sales": 0,
  "timestamp": {
    "$date": "2025-04-02T10:07:40.039Z"
  }
},
{
  "_id": {
    "$oid": "67ed0c6e40c358518b6ce626"
  },
  "sellers_id": "9",
  "name": "Lazada",
  "channels": "eCommerce",
  "total_sales": 0,
  "timestamp": {
    "$date": "2025-04-02T10:07:40.039Z"
  }
},
{
  "_id": {
    "$oid": "67ed0c6e40c358518b6ce627"
  },
  "sellers_id": "10",
  "name": "Shopee",
  "channels": "eCommerce",
  "total_sales": 0,
  "timestamp": {
    "$date": "2025-04-02T10:07:40.039Z"
  }
},
{
  "_id": {
    "$oid": "67ed0c6e40c358518b6ce628"
  },
  "sellers_id": "11",
  "name": "AliExpress",
  "channels": "eCommerce",
  "total_sales": 0,
  "timestamp": {
    "$date": "2025-04-02T10:07:40.039Z"
  }
},
{
  "_id": {
    "$oid": "67ed0c6e40c358518b6ce629"
  },
  "sellers_id": "12",
  "name": "Etsy",
  "channels": "eCommerce",
  "total_sales": 0,
  "timestamp": {
    "$date": "2025-04-02T10:07:40.039Z"
  }
},
{
  "_id": {
    "$oid": "67ed0c6e40c358518b6ce62a"
  },
  "sellers_id": "13",
  "name": "Rakuten",
  "channels": "eCommerce",
  "total_sales": 0,
  "timestamp": {
    "$date": "2025-04-02T10:07:40.039Z"
  }
},
{
  "_id": {
    "$oid": "67ed0c6e40c358518b6ce62b"
  },
  "sellers_id": "14",
  "name": "Amazon",
  "channels": "eCommerce",
  "total_sales": 0,
  "timestamp": {
    "$date": "2025-04-02T10:07:40.039Z"
  }
},
{
  "_id": {
    "$oid": "67ed0c6e40c358518b6ce62c"
  },
  "sellers_id": "15",
  "name": "รัตน์ พิพัฒน์",
  "channels": "Office",
  "total_sales": 0,
  "timestamp": {
    "$date": "2025-04-02T10:07:40.039Z"
  }
},
{
  "_id": {
    "$oid": "67ed0c6e40c358518b6ce62d"
  },
  "sellers_id": "16",
  "name": "ศิริพร ชัยวัฒน์",
  "channels": "Sales",
  "total_sales": 0,
  "timestamp": {
    "$date": "2025-04-02T10:07:40.039Z"
  }
},
{
  "_id": {
    "$oid": "67ed0c6e40c358518b6ce62e"
  },
  "sellers_id": "17",
  "name": "จิตรา ธนาวุฒิ",
  "channels": "Office",
  "total_sales": 0,
  "timestamp": {
    "$date": "2025-04-02T10:07:40.039Z"
  }
},
{
  "_id": {
    "$oid": "67ed0c6e40c358518b6ce62f"
  },
  "sellers_id": "18",
  "name": "James Miller",
  "channels": "Sales",
  "total_sales": 0,
  "timestamp": {
    "$date": "2025-04-02T10:07:40.039Z"
  }
},
{
  "_id": {
    "$oid": "67ed0c6e40c358518b6ce630"
  },
  "sellers_id": "19",
  "name": "Michael Taylor",
  "channels": "Sales",
  "total_sales": 0,
  "timestamp": {
    "$date": "2025-04-02T10:07:40.039Z"
  }
},
{
  "_id": {
    "$oid": "67ed0c6e40c358518b6ce631"
  },
  "sellers_id": "20",
  "name": "วิชัย มงคลชัย",
  "channels": "Sales",
  "total_sales": 0,
  "timestamp": {
    "$date": "2025-04-02T10:07:40.039Z"
  }
},
{
  "_id": {
    "$oid": "67ed0c6e40c358518b6ce632"
  },
  "sellers_id": "21",
  "name": "ศิริพร ชัยวัฒน์",
  "channels": "Sales",
  "total_sales": 0,
  "timestamp": {
    "$date": "2025-04-02T10:07:40.039Z"
  }
},
{
  "_id": {
    "$oid": "67ed0c6e40c358518b6ce633"
  },
  "sellers_id": "22",
  "name": "Oliver Johnson",
  "channels": "Office",
  "total_sales": 0,
  "timestamp": {
    "$date": "2025-04-02T10:07:40.039Z"
  }
},
{
  "_id": {
    "$oid": "67ed0c6e40c358518b6ce634"
  },
  "sellers_id": "23",
  "name": "Sophia Davis",
  "channels": "Office",
  "total_sales": 0,
  "timestamp": {
    "$date": "2025-04-02T10:07:40.039Z"
  }
},
{
  "_id": {
    "$oid": "67ed0c6e40c358518b6ce635"
  },
  "sellers_id": "24",
  "name": "สมชาย วัฒนากุล",
  "channels": "Office",
  "total_sales": 0,
  "timestamp": {
    "$date": "2025-04-02T10:07:40.039Z"
  }
},
{
  "_id": {
    "$oid": "67ed0c6e40c358518b6ce636"
  },
  "sellers_id": "25",
  "name": "AliExpress",
  "channels": "eCommerce",
  "total_sales": 0,
  "timestamp": {
    "$date": "2025-04-02T10:07:40.039Z"
  }
}]